TIME,2014-01,2014-02,2014-03,2014-04,2014-05,2014-06,2014-07,2014-08,2014-09,2014-10,2014-11,2014-12,2014.00,2015-01,2015-02,2015-03,2015-04,2015-05,2015-06,2015-07,2015-08,2015-09,2015-10,2015-11,2015-12,2015.00,2016-01,2016-02,2016-03,2016-04,2016-05,2016-06,2016-07,2016-08,2016-09,2016-10,2016-11,2016-12,2016.00,2017-01,2017-02,2017-03,2017-04,2017-05,2017-06,2017-07,2017-08,2017-09,2017-10,2017-11,2017-12,2017.00,2018-01,2018-02,2018-03,2018-04,2018-05,2018-06,2018-07,2018-08,2018-09,2018-10,2018-11,2018-12,2018.00,2019-01,2019-02,2019-03,2019-04,2019-05,2019-06,2019-07,2019-08,2019-09,2019-10,2019-11,2019-12,2019.00,2020-01,2020-02,2020-03,2020-04,2020-05,2020-06,2020-07,2020-08,2020-09,2020-10,2020-11,2020-12,2020.00,2021-01,2021-02,2021-03,2021-04,2021-05,2021-06,2021-07,2021-08,2021-09,2021-10,2021-11,2021-12,2021.00,2022-01,2022-02,2022-03,2022-04,2022-05,2022-06,2022-07,2022-08,2022-09,2022-10,2022-11,2022-12,2022.00,2023-01,2023-02,2023-03,2023-04,2023-05,2023-06,2023-07,2023-08,2023-09,2023-10,2023-11,2023-12,2023.00,2024-01,2024-02,2024-03,2024-04,2024-05,2024-06,2024-07,2024-08,2024-09,2024-10,2024-11,2024-12,2024
Austria,552717177,539778549,518087383,4906820117,657963491,530316859,585593548,559521121,548614669,537733603,557822901,500854973,2201051819,544700741,499768346,#VALUE!,#VALUE!,132249530,185483254,153863607,119554750,188693601,159184093,159981306,121830962,1770366862,134633086,157880861,166001887,148075809,128986966,159561505,126174880,126558623,152299621,133896180,148663104,128118259,1710850781,143620068,161200460,170727132,148035324,166220428,173422796,149473903,123728486,155182111,160991170,184213961,159270420,1896086259,190252305,180027512,222308254,191954764,192101923,200866867,201449026,164439178,173305893,194711285,196361910,151067703,2258846620,187923894,216889360,238722284,258993280,300265805,269776480,285785451,209731210,285604674,257684106,250042769,204713054,2966132367,220055856,205272130,231032604,203100442,178562203,255837065,278810909,169991570,244345461,218246186,269427740,235881759,2710563925,247181529,245158085,282719091,256998744,225382260,260861247,230529666,213012021,256206900,266486390,251585781,237031455,2973153169,224322281,245284053,253255681,242923912,245932303,236946374,247982502,217460580,290458355,251910575,402325451,228020757,3086822824,270599597,258494220,1034235014,813205736,289425183,279631086,422331538,271808739,281931201,1104900528,2169388786,387054446,7583006074,435373389,288845627,332615841,272078416,331600546,362573175,230127409,205853002,274936713,302378815,253168483,#VALUE!,#VALUE!
Belgium,0,0,0,0,0,0,0,0,0,0,0,0,0,0,0,0,0,0,0,0,0,0,0,0,0,0,0,0,0,0,0,0,0,0,0,0,0,0,0,0,0,0,0,0,0,0,0,0,0,0,0,0,0,0,0,0,0,0,0,0,0,0,0,0,0,0,0,0,0,0,0,0,0,0,0,0,0,0,0,0,0,0,0,0,0,0,0,0,0,0,0,0,0,0,0,0,0,0,0,0,0,0,0,0,0,0,0,0,0,0,0,0,0,0,0,0,0,0,0,0,0,0,0,0,0,0,0,0,0,0,0,0,0,0,0,0,0,0,0,0,0,0,0
Bulgaria,90808385,80821177,154555026,111466073,110062046,139921243,143997834,130598333,126582059,107633258,117616757,127432870,1441495060,99304379,130038966,111530798,134054842,136553192,114585985,138780190,106671592,100299575,119389676,123843602,139303700,1454356496,93977515,69316541,83925806,94603231,85330133,109637707,163342552,135969237,97587253,80164845,118279331,122028262,1254162413,76298022,126849793,170886982,103665699,144454089,174352167,138200948,129858565,185830277,139025096,195034828,176101976,1760558440,120861769,158630512,142504805,90337245,87479799,174275411,166892757,117089993,116972032,125340513,147304992,173137937,1620827767,120449128,137789050,186005522,131196121,96918862,102808261,163279264,108489618,92602685,129304365,144086803,80272518,1493202195,168344537,174636931,108353573,92665092,71872473,143439177,160692763,95633155,89151410,131001322,182677154,139635198,1558102786,179214419,201013499,208560347,127491626,103412864,122777133,88797746,106207113,118025590,202660684,240108973,189706745,1887976741,151774542,118355285,140554765,136328377,177619454,206176647,316166067,206908379,192625928,221688946,143276657,251043957,2262519005,247539185,253569809,174186971,131873544,190117994,169914962,203133917,221809510,238302071,220171774,242186936,201463886,2494270559,222999368,178439592,143778302,124867761,121464208,141306127,228172280,169048619,118540407,134109750,152960251,#VALUE!,#VALUE!
Cyprus,26318927,7869972,28936589,11787715,11541587,26082458,11773585,8754472,16668337,34886767,14388833,9749430,208758672,6981899,10934180,10459158,9962059,22408443,12005488,13581134,10241464,9872785,10565062,19553415,19622524,156187611,18740508,17674821,12130215,12358955,19235836,17133560,18322795,29365889,20002480,22727345,11018869,21794846,220506119,10172747,22114403,15286228,30971114,19073491,13976681,41878963,19778106,14810474,30002197,22029704,28219836,268313944,14341035,11214184,13285425,15596538,27075762,14022192,14472100,12959915,12863790,13685387,15742077,12508141,177766546,23588809,26692912,16282159,27332857,15541521,13407049,25513531,28387716,13988649,15990631,13892303,14555543,235173680,14433151,24028638,19052970,14157592,19053469,28802502,24036282,18581655,27734757,11581864,19124747,26833498,247421125,20433196,36562016,27546486,17278373,20380685,19448076,33378692,40594143,17862561,30573727,15801262,18161271,298020488,18366849,19340679,38847365,19494500,24614321,17771881,19317525,19267382,38876571,46229040,19602195,15614535,297342843,18349191,17273397,23324005,42757055,46261413,20819455,20595845,19838830,17318806,38751177,15201016,16310102,296800292,17474621,18108632,20992196,21215629,21865814,17004098,24353126,15532985,19418358,20554866,17059579,#VALUE!,#VALUE!
Czechia,476905628,490433305,535124987,530160255,497322019,523320069,495613904,414903327,538262076,581423203,496688169,441303370,6021460313,502138554,525832867,597389495,519536491,499068245,568485716,491058099,429757660,545915794,566701452,544496328,459780422,6250161124,530077056,556903933,583706889,564835217,532927074,569979111,432496834,512683529,558896334,565647807,575454191,500070624,6483678597,564924392,556073608,653653508,565378012,607880000,659280198,478422563,548639328,601565316,682970353,612985403,471941124,7003713804,604885992,593603626,630973299,585180476,593001407,642187982,535039377,566528647,554186535,674425172,651603132,469187386,7100803032,638862310,580982005,647086194,636191556,631296950,610789685,597994272,557379970,619224725,678372377,633689150,478020147,7309889342,644199508,613034192,608166891,396012325,466215950,532530027,492574251,511671692,624444895,618857391,628492445,541003788,6677203351,639882493,653743999,734964444,667240824,678217372,764760376,595706047,565480909,659087541,679783504,714226885,642606664,7995701059,739456858,736823776,878304127,789398909,838351822,857693134,731814285,747419004,856127256,886139224,865020026,784589280,9711137700,867859479,821347591,951570050,818628601,876355760,951139466,765394842,779920403,825657339,894064683,859486872,684383036,10095808124,850220873,874865275,842047423,878895264,844973844,828601591,797640855,754139487,871030748,1007870846,946794055,774952471,10272032736
Germany,8208814015,8126152836,8572852699,8525471042,7980706009,8398294117,7613891348,8146702942,8615594585,8821043611,8121909645,7384611002,98516043851,7693898027,8274545323,8692725362,8377351682,7952741560,8522810349,8210205190,7532046206,8587160025,8137763519,8164047414,7470659743,97615954400,8209660436,8338278723,8732875161,8451366251,7623632354,9689449124,7798059841,7879612418,8400219535,7962845114,8602285394,7866677255,99554961606,8285048404,8563218671,10128206455,8553733399,9321133590,9047335204,8271927256,8581655771,8568646786,8704937479,9159277661,8328050378,1.05513E+11,9552089528,8785409627,9551991788,9320860091,8705164879,9807836217,9519208606,8671852285,9402971209,9162335362,9794502621,8295368726,1.1057E+11,9895589035,9646825373,9316954448,9804287924,9963537374,9499844453,9346511086,8315605073,9360258414,9467264181,9353927096,7873115428,1.11844E+11,9155601646,9090353305,9145804793,7089774197,7157753218,8595470068,7778647172,8064394625,8861453354,9264719558,8954530719,8202976997,1.01361E+11,8608006499,8876001948,11032414959,10787787134,10640124842,12077585660,10583207866,10267525878,10885076380,11900103459,11379781709,11092349295,1.2813E+11,11051563015,11476143355,14178409740,11338887714,14196659782,12806797114,13628358188,12354834661,16330481223,13448239508,13127060657,12297832839,1.56235E+11,12536213011,12765215651,13272942573,10979232187,13399981233,12833021085,12990971200,11769196295,11696458374,11890993349,12065254293,10069685069,1.46269E+11,11361857403,11256935942,12035525342,12527573281,11081089974,11322501195,11970029365,10610845804,11457217113,12189028472,10613827744,#VALUE!,#VALUE!
Denmark,269889930,325660320,339046781,355538859,324284362,296028233,263040833,273218340,316062653,336147568,296723776,287768487,3683410144,296374329,284094253,334608001,284937221,275376050,317025413,273968713,316676706,338031688,342257691,343859571,299562612,3706772251,286335789,312216444,339222712,321067631,325504609,381155244,288951545,322958868,396673032,344040093,362248513,353184239,4033558716,338394183,379594815,399462777,300245436,348131807,376341655,310182309,357013429,359852862,376003740,369746938,318340972,4233310925,370517653,347089579,370891957,334649509,351284231,366524828,348178036,335355750,366004889,380005075,380011533,323443141,4273956181,352095111,341505515,393646745,370644296,360831417,367345035,374073184,383284169,443787076,423071879,379406632,344676085,4534367145,404054183,389137393,425788817,295539833,319477296,400514467,331025648,366721922,427618525,387403970,409421263,412598316,4569301635,384947612,400112462,462504770,397206359,374779605,473801443,370579945,442218700,483403547,470435457,461696080,531785901,5253471880,499324953,476526282,629872095,452670354,551665019,512620252,486531941,459876527,553065215,551862202,596724845,491290380,6262030065,493104902,457835277,515007094,440045096,497767611,524327631,415710037,491366531,484413107,532654110,527170593,486645242,5866047232,494704276,499953951,512890483,535210749,522487871,510810692,477439347,484196824,503149848,494516093,559292495,#VALUE!,#VALUE!
Estonia,32624269,38021013,56141667,52905958,66071665,41886972,38966536,42960016,47890299,55496435,40061520,28939720,541966070,33270474,36969380,41604794,34398998,36393466,33707519,31989588,28233003,37933668,36460615,33022628,28134471,412118604,29576129,38008277,41593123,37842165,45540692,45200284,33480547,40420431,41830652,44320553,40868641,38300676,476982170,41956168,38008394,52914125,38720802,46326425,42907556,32179272,36526810,35862938,40805653,49866136,38375447,494449726,48866453,39971179,42450713,40208458,59192700,54344990,42476542,42209938,40805389,53881531,43759397,35067595,543234885,42824286,42258786,62021109,53077967,48451570,56989550,44606646,42901544,48032141,75811364,57997907,40793691,615766561,43423460,46555186,43818309,30063817,30035712,36713929,36905430,39508229,50722827,49278677,52001536,36533230,495560342,35944582,42847468,49135258,58996049,48680943,68985595,49694181,47892800,51871562,68791819,55969866,47922711,626732834,70642699,55538255,69862634,65220496,71675316,64528571,42136799,53066113,101599133,75741882,102797719,61091825,833901442,65402313,57260383,62314747,56913009,68048794,55994853,45603916,62713958,53795349,56459074,53752303,59820182,698078881,46008884,50367540,47659461,62128852,67341953,64592500,41570525,47206136,52517155,73088312,68364256,44127415,664972989
Spain,1244277672,1255633031,1375290416,1168888546,1229478969,1300726580,1160348042,895869574,1350488356,1294449610,1236261991,1343873678,14855586465,1130026005,1188012813,1486146135,1290593812,1323477232,1527735610,1381282144,1002437874,1460947197,1381032271,1473223761,1364803263,16009718117,1277115801,1395054772,1531762979,1490161484,1465595754,1668160831,1466506073,1175670836,1598439128,1522099793,1715986645,1563594374,17870148470,1492844250,1496149902,1834774926,1438788949,1736715124,1724952751,1511065185,1258376273,1647050148,1687571633,1747592554,1606779779,19182661474,1604203689,1484540191,1857905706,1661068375,1720045380,1783849095,1684426461,1315883150,1580329755,1746432000,1693741949,1488118175,19620543926,1500174510,1505900445,1720472292,1604907628,1660581894,1653622914,1550716336,1254146969,1674196788,1842586810,1842040980,1672030137,19481377703,1635577723,1654702346,1623336827,1002424840,1206269377,1506153176,1516922627,1184048040,1653351861,1648462777,1615029680,1765529350,18011808624,1540110576,1708413970,2318011538,2026000335,2164306464,2535683366,2252855013,2087790349,2739770030,2284628605,2607478362,3021919463,27286968071,2723702026,2941330043,3857095414,2729918527,3051939619,2812037095,2276951126,2262560956,4121694783,3529135233,5817778285,3573449850,39697592957,2781563377,3555647530,3788487651,2194550192,2944423924,2291239304,2009187972,1799605934,2231778727,2478637347,2568181463,1998629035,30641932456,2272321938,2270229358,2392394937,2821130189,2292415214,2319942964,2441110034,2072317218,2531837508,2640993814,2493979951,2073931958,28622605083
Finland,299508580,281977940,275272266,315233254,300271516,323409908,291266100,294139907,304473665,306196259,278027058,277165958,3546942411,265087108,273826394,311931197,263036791,254515056,298623303,277793116,255136888,280588958,297352865,277958754,288069264,3343919694,270582787,294788574,305209249,304822009,277737557,314228294,270597057,261860997,293060403,329833333,299121194,342776255,3564617709,299681488,306570081,386260617,327775890,351793272,323125593,288497139,293469794,289253410,352451997,329848852,323107854,3871835987,302801783,331660451,324585121,324708306,333467094,325591439,332377098,341586811,304552391,380040811,386754864,320871660,4008997829,359066192,363479529,411732818,363291232,411944045,324606881,321552669,330348085,357826820,395212642,354862016,313495749,4307418678,349782436,308466307,391635241,277160646,253758927,276879840,251617294,273508542,297395132,301387791,309401070,324973159,3615966385,298962025,339689167,357433686,390793089,364552108,341446883,344406475,349931185,396457839,422942153,428657001,475845640,4511117251,385871693,393426568,484609733,508556664,478397751,468363989,448721734,447693418,461957787,473652046,473218118,520503142,5544972643,451856970,362642322,535476046,453056336,452417261,467531026,412129245,456987236,457759021,430071338,473141927,469697841,5422766569,398677411,440475158,395235787,485071824,412444915,433709310,492213677,418191226,469860066,480185023,531067392,#VALUE!,#VALUE!
France,7475030386,7248434760,7659544436,7539860788,7018698450,7286051138,7546886572,6278737482,8250471045,8398201069,7346896175,7358454239,89407266540,7312472490,7322683113,7995927579,7111442414,6794916615,7920631567,7125329441,6056571682,7692484893,7710576036,7173654199,7204628525,87421318554,6905804285,7245192985,7672505350,7028668429,6872431721,7510770773,6426663650,6317351450,7580265351,7343922266,7604885727,7405147192,85913609179,7390177855,7258068573,8383234697,7250197797,7471919159,7855210788,7067693451,6449544227,7620282944,8012404400,7838735535,7093266999,89690736425,7909756056,7586817865,8310406680,7376263241,7532238056,8216836813,7881714713,6860869794,7690044840,8626892707,8320734857,7218933677,93531509299,7725050198,7613043313,8010255099,7857660252,8225542191,7928679505,8048924459,6466248604,7585810525,8230568865,7528888404,7366551674,92587223089,7687894368,7366950148,6772680929,5020689200,5558771790,7045474195,6672795153,5878212673,7465450120,7537969531,6931188124,6790691561,80728767792,7355145023,7276330691,8790559206,7764446612,7458227141,8862839832,7819504153,7875361268,9326240384,9531279469,10058283481,10349557730,1.02468E+11,10347181315,10105079066,12518477148,10823481520,11004509129,11833966328,10778076664,10960986784,12439978501,11879337560,11857148922,12229365107,1.36778E+11,11874562467,11313001420,13519590258,10779021181,10501900067,11800825108,10821157415,10345824549,10065790071,10500114971,9885040401,9249069122,1.30656E+11,9447255742,9547798135,10675350594,10626398714,10424120337,11529331955,9579670502,8563119520,9126065370,10316464188,9481748679,#VALUE!,#VALUE!
Greece,123055478,117738072,124229610,146395335,130452583,148549539,142290931,117780677,158461001,167695190,142840799,136897419,1656386634,137592706,136139707,164842808,170380157,147145142,179624718,128294106,115819699,151778813,180594571,141060579,137426376,1790699382,134530875,145157563,183930335,154197245,165235969,177997693,150845696,153957019,200598192,153124953,166357612,157590899,1943524051,153737061,189496912,213595629,149547565,195683840,207040387,198754465,167439200,191934040,187835820,153592642,162151925,2170809486,168601601,160328006,179786242,165311413,196771234,213200690,183109635,168303545,157637542,206826820,184595194,143665412,2128137334,171746655,200597184,173580714,167177939,184107545,210771234,209775908,158726741,200276376,201055375,173306278,156115870,2207237819,189724335,196410062,178051298,148333844,145477268,180229001,168408281,147946838,168438356,173935967,161823006,168803260,2027581516,171811888,175069022,219245915,195774393,190474373,293488732,227208442,158980594,245944306,239409684,220480685,219105906,2556993940,256812961,252421657,287922745,313003008,270976375,284305114,278332539,215382554,248339369,253638284,265819056,216847531,3143801193,246835265,226557850,270969787,244093377,292525300,286779530,245416033,213868791,253959278,274295031,271928316,200562942,3027791500,241259254,264182910,264308330,299580914,233450625,245919894,270699068,210824006,259836976,241470370,247671724,199106150,2978310221
Croatia,29319893,29018467,35216229,35934616,37666184,32275306,36749424,28941892,54269752,37710656,35709122,34277826,427089368,31996767,35448392,42173136,47910110,33487396,42804132,42880240,33769096,40210366,40644616,43448443,42816129,477588822,38395798,42202994,43716520,38249066,34502537,38123407,51824184,41039538,43869089,43136297,41334908,46033125,502427463,42584750,45729983,64217389,50653178,53509748,49263076,49378437,96610133,68622592,75191609,63476786,50368760,709606439,44053822,49843281,64314722,56055811,55821873,56599008,52244505,41703094,52068484,74695827,59902782,43160929,650464139,44934011,59078825,57291702,58938624,67325599,47702409,61517721,48871925,55853342,82665300,74967518,55135843,714282822,73795119,108157325,85806488,75123923,65722652,106560060,91949690,64129727,79226653,64690865,83629904,85635252,984427658,61214140,73304655,70303490,68299459,66927493,71149253,63106245,52677330,73029608,78120595,68716452,80581580,827430299,77402587,70204631,92278450,71451932,68981770,75193014,70170723,65710413,76065723,83391966,84733946,85233164,920818319,75500212,76820229,79801119,68773979,85500765,94858509,69738410,70905947,68222782,102165370,80066265,79695961,952049548,69457881,81065975,73543521,73307315,82506956,84145048,82156835,79417435,77525665,80560582,86709403,#VALUE!,#VALUE!
Hungary,264677578,271134817,284697307,286379529,266783348,314317048,318765594,246922724,304296601,294084850,309005939,245644328,3406709664,278056776,294285605,339447124,317803466,274656270,327256565,288302953,271058687,318474958,321339669,297090728,259588772,3587361573,294854710,316509881,315602758,323557185,302564159,320206274,286562510,277218572,302755482,298422015,334116173,273734380,3646104099,288689708,323165067,360038236,315108818,375021072,366224455,286096570,304098530,360737060,368473433,369017597,278001794,3994672338,354284724,350484102,361265023,378465201,383523854,408266449,349508434,372971257,420720537,419595607,438477579,386740732,4624303500,434031329,430092903,462950438,426747933,444913917,410602836,437677673,406279472,451280830,484058273,458394194,389414484,5236444282,465798785,495835883,418926510,251695710,326635613,369940420,349188383,406270689,480568359,458798930,502048036,411110275,4936817593,395076906,406263456,504393198,448567888,429342759,508371466,431339763,373948667,441720775,449178396,498402773,405348140,5291954190,453220651,492697393,577916596,489221110,516232019,502441107,447306167,498804300,652509960,537091967,579976411,468701217,6216118899,517404175,566338515,644206820,515332590,614789936,673406130,462828261,529953134,621915260,633194541,579767713,470058749,6829195824,600808891,574629681,561785241,562416832,512684012,533991704,466155037,432781761,472026156,541880464,498272504,#VALUE!,#VALUE!
Ireland,981882106,1160475636,1147060286,897025537,1151643679,847443109,945985132,1148850088,1308666951,1396999192,1211535437,999992951,13197560104,1111488246,1139141695,1256220350,1475533712,1329466790,1621172967,1373964229,1174508746,1377335768,1480104778,1638402252,1118999989,16096339522,1537118304,1412468649,1166023698,1387148011,1228263323,1385446708,1207782656,1694704688,1323210382,1422797635,1363300397,1154891946,16283156397,1386975304,1244422138,1554538148,839214852,1471409514,1186562267,1216430768,1006942544,1034992689,1299925715,991531238,1757180780,14990125957,1588382183,1672643601,1853896255,1452591636,1577374158,1748575299,1578542831,1694782433,1896650227,1420003963,1829244087,1949549223,20262235896,2386412044,1786476247,1397909438,1329170697,1648185606,1482442558,1649965664,930912894,1057546068,2001316517,882750452,1100563546,17653651731,2199063870,1297187567,2101687987,1530502032,1600179996,1975713456,1513508861,2411273994,1375908680,986347925,2105400227,1289705404,20386479999,1509474163,1168314235,1113477072,1253107417,2302721419,1471046454,934911609,1215412020,1369536429,1758622893,1948078639,1303325867,17348028217,2000737681,1346280326,1553881231,1817668577,1436783508,1803058776,1796728543,2596338112,1920430800,2197620830,1798653999,1158693330,21426875713,1745075122,1933049972,1695241144,2489390929,1684761465,1996630311,1903625242,2219644020,2190923646,1803671124,1773545967,1465480814,22901039756,1578594406,1321354374,2264748804,2109753541,1291524316,1729877374,1239853509,1712792349,2991061717,2298216972,1764642839,1017885241,21320305442
Italy,2355884290,2360067754,2563001823,2192232971,2319988039,2415513047,2341477205,1762057901,2806478748,2722624094,2297978240,2140978702,28278282814,2420164896,2294411386,2662271352,2541458107,2569462397,2950728945,2978374451,1715353051,2961902773,2711749401,2497604126,2336976425,30640457310,2502107802,2832961802,2932302612,2453513514,2681189803,2861122190,2593303216,1952373930,2561540468,2826358602,2737656142,2346548045,31280978126,2327409489,2651754439,3036505805,2348762323,2766083246,2875341734,2858815387,2085513451,2543691930,2719941490,2770665412,2248184319,31232669025,2792840007,2529280330,2994934677,2430973928,2871027938,2886944994,2909081887,2002501552,2756027646,3254476528,2926215115,2239367025,32593671627,2631458856,2843338044,3082929714,2688850020,3015013431,2866699412,3032077882,2119316100,2964607595,3248384696,3141845269,2408519964,34043040983,3247814242,3068325034,2783467944,2168361493,2513485264,2954145589,2890450494,2109399253,3028565298,2834407489,2794845518,2739925931,33133193549,2678477546,2831683382,3479903402,3274828611,3356688414,3288817272,3171570658,2683655605,3703588220,3561293916,3821102872,3223743712,39075353610,3633875840,3915045349,4177311914,3763721098,4194976775,4395128552,5334421524,3135595035,3965407132,4220075083,4317744465,3480600471,48533903238,3857835902,3970512501,4169545454,3355530672,3827002767,4069589543,3587649963,2908217318,3864858841,4071806624,4513735648,3324798423,45521083656,3680765835,4151398606,4038688766,3820914635,3621352565,3525122653,4020701398,2862952394,3904121923,4403096153,4109144383,#VALUE!,#VALUE!
Lithuania,90717595,92206028,125318389,135439134,96575214,105593424,117024064,100991846,111944021,112249749,93908288,88152509,1270120262,80012599,76106481,113966871,102029118,93800963,91498022,96378744,84966482,102711382,122573391,95165819,84058316,1143268188,83687727,95099180,89163917,95967257,89205284,92372262,87442716,81722135,109542572,93179341,97024177,94003579,1108410147,97411856,103957894,125238544,109165378,122370965,107440835,103326158,103966661,112133766,115803707,117775410,122566107,1341157281,102927266,111050350,117325175,132104555,120098528,123930685,117809032,115036879,113744625,124409496,121569568,129095876,1429102035,115921992,107363671,125040398,112523201,105860805,117130866,133628912,109964769,123634377,115318958,113829970,105092545,1385310464,114518236,103359257,123337647,88503501,91524668,101968933,101229454,144026318,112534739,130754616,122028579,110459262,1344245210,99769038,109938737,170955203,130992813,119652085,138555286,140039827,131031251,138347479,143178530,148041946,143717197,1614219392,140376577,145774060,152804583,140083811,142483825,121022332,127937310,163159281,188171040,147812023,125347345,146074022,1741046209,126424428,123676737,128253130,109490020,124851506,133639453,105360022,125093472,122619919,169132143,121687366,113154772,1503382968,111652951,136142934,134727443,131159261,143064660,131797554,129885421,118688904,129322991,127029183,122812510,138096338,1554380150
Luxembourg,687366539,666543352,768546253,733328484,697596701,699951021,678442154,635996429,705053696,712521765,750292164,767340570,8502979128,613445036,672896400,791542597,726321987,710541593,748011559,678831770,593990775,710327421,728663947,695092537,731407116,8401072738,621594155,668675827,748908894,718419168,694999266,743334215,644791670,591947644,679891193,683206985,713845859,722896490,8232511366,680823950,714111639,843503507,720517631,798237342,760211812,705315198,657274555,727309341,794621529,788015745,714678191,8904620440,733915018,767119203,880398322,778143724,820500547,790467714,681891791,657623932,700663274,852979999,775791712,699240233,9138735469,758413614,713463899,804521881,790865748,781789023,736414148,727781424,642452017,727452247,796805219,750349110,730504858,8960813188,758595473,668273085,645760054,423741179,518467594,650144478,697985682,576822341,704852543,734211608,673790048,699234797,7751878882,636431861,682088479,807329815,748493092,719357154,762371316,736654923,611622986,765183465,815715967,860309206,847295112,8992853376,875102884,869262110,1042134564,948091119,912115844,963080094,852925511,849585997,997195507,993839682,949394800,932470390,11185198502,926164660,903064135,967014906,841744463,847932195,883898548,786510855,757894885,796465220,878967627,855830721,817443586,10262931801,791724701,825338267,861351233,790254151,795701072,815450844,826358058,705394345,791871526,865009626,786937136,#VALUE!,#VALUE!
Latvia,26886298,28027740,36974067,28635960,25856120,27299741,23348045,22338178,29235945,28961545,22117879,24738597,324420115,21447772,25661847,29127748,27542486,25353484,29182284,27782624,21627188,29887972,40062710,29896290,25511112,333083517,23325630,24803922,28757326,30127443,28119151,28829923,25272943,30540011,40055587,32804330,30849340,29717417,353203023,28184844,33552501,45853612,32214992,35801760,33453052,29725958,30240570,46843772,43240757,34148787,30355149,423615754,32534933,34310818,40728588,41692401,36982803,40121378,32795132,32523362,33334662,39166117,33539406,28889247,426618847,32258931,36642260,41543697,37528070,38660914,35866328,38914534,32954745,34310542,39000643,47493182,33406956,448580802,32431638,38097862,44624109,29522133,25869978,31643951,34269184,32508750,36201184,54127659,40958587,35329140,435584175,37367509,43041875,58691685,49689631,49033731,70346140,44162975,47805927,51803590,50079586,66539000,64050877,632612526,62049012,57483180,65321091,68313148,78911863,68612977,59118303,63321792,72536790,70948801,63829346,48564561,779010864,56099641,61271273,72199436,61551718,61745360,65075718,62295802,55890395,67740351,66236011,57147424,62471673,749724802,64363608,51317302,69522736,65665200,65155881,64100865,60958614,46828885,56002690,65966673,49751792,65583082,725217328
Malta,6644478,5877829,19331565,7707741,6685119,6891554,7592228,5518127,7960361,7937139,6180385,16811900,105138426,5645290,40433599,7620759,6992186,7066712,28511465,6871821,7477834,9593215,8592663,8266131,7117195,144188870,5525036,7751510,7059359,10619813,8889913,7388360,18056965,8324020,8324020,8863477,6794345,10209431,107806249,6433870,6543382,13291513,6918413,8450391,8029043,8329549,7987431,7541290,21546405,10426347,6988374,112486008,60771601,7688179,7871561,8138899,11763672,7004351,6412404,7971731,5149536,26195702,7708910,6040701,162717247,6640831,5939537,6568258,7600439,6759311,24623675,7877664,5288887,7568290,7995816,10095136,27376205,124334049,9614463,6544858,6373949,7120611,5944190,28782338,5760579,5718185,6097546,7430638,6716198,5268995,101372550,6519056,7593713,7912151,7390509,7876848,8205418,6995027,6300142,7726706,7789879,8140768,6483496,88933713,14365332,10590254,10520933,9705550,11969089,10364916,11377165,8908397,10378364,9824387,8726582,10917921,127648890,10566371,9402484,11729968,9370105,11694903,11043632,15196145,14548840,11714862,50076005,11769418,8864475,175977208,13283361,10269186,11049968,14426651,11247646,14238730,11602049,10925087,10669356,14978385,22078249,#VALUE!,#VALUE!
Netherlands,8343936612,7944867328,8780757459,8534116751,8532891224,8565875355,8576333671,7878936437,9012754381,9093759009,7859434661,7981653274,1.01105E+11,7437347009,7447127715,8356632779,8058361585,7930634642,8871545754,8028686465,7176319211,7968442932,8217827717,7793776030,8054714668,95341416507,7235278975,7057945479,7952640616,7562674093,7760823989,8162061679,7430462231,7457818123,7902827321,8150648300,8334903357,8553284236,93561368399,8673622624,8540159167,9758323740,8210212228,8841099805,8814279963,7959565678,8590183115,8717104136,8909818099,9477424518,9106167664,1.05598E+11,9268165844,8799689947,9246360573,8591438984,9447119556,9545751899,9326459431,9128619980,9398761924,10720581543,10045904329,9041877085,1.12561E+11,9352653923,9070678327,10061731866,10096481023,10044410978,9311822926,9039469504,8617424130,9548416860,10066205923,9749845410,9936705859,1.14896E+11,9805805479,8926970321,8698705818,6836492197,7105485438,8408155364,8435890938,8124073402,8843606635,8716098508,9223587082,9649863948,1.02775E+11,9049925273,9338775866,11150759376,10197325891,10472337112,11058006965,11015302668,10539470958,11943731913,12169317409,13018458942,12819612475,1.32773E+11,12266018777,12657732305,15262960003,13726134372,15600356891,16203502192,14409311448,15126717369,16070008690,15589021809,15540903928,14245010094,1.76698E+11,13836063831,13328680118,14584486415,13171729272,13646259026,13890756530,13179475707,13282769487,13414764877,13683804238,13754979350,12537896827,1.62312E+11,13339437023,12770152296,13774563152,14195864417,13643195252,13112518732,13416163129,12348141868,12663248486,14493762579,13111092727,#VALUE!,#VALUE!
Poland,775349134,764465188,815366178,800387676,779097064,788052306,747942169,723713283,889234315,825517022,716233219,639604861,9264962414,766237157,791701847,906848076,832846162,820068707,855217086,796666895,761637591,874759262,841999444,807432538,708270078,9763684844,756446300,820591623,911963505,916806458,845096890,962932512,821270798,871284092,967571677,920563353,898508775,870714028,10563750012,931284908,967931077,1114295867,917939415,1011294480,1013446358,1004815956,957824527,1095992874,1119238348,1084656341,904870544,12123590697,1127536888,1067295970,1223911696,1151622852,1084934108,1169002518,1126172475,1066137493,1313834215,1223009733,1212669014,991382982,13757509944,1169382486,1079593741,1309902863,1315267055,1288577874,1124731240,1232686312,1074199778,1247972353,1324652862,1219279168,1072333077,14458578808,1201681819,1190293504,1274579323,859598031,975438198,1154934475,1197434852,1117169876,1297304917,1384244261,1358745231,1164358715,14175783204,1285022620,1356916846,1663235861,1489038501,1456297128,1529447196,1458493824,1391307233,1677962104,1601309121,1570319847,1610653835,18090004116,1765575758,1812963583,2032806346,1719656830,1706145456,1761254792,1563226417,1791676098,2058561191,2057705607,2087034363,1666316030,22022922472,1904808420,1741745091,1979933446,1936639744,1941365144,1983996342,1705428766,1726531665,1898791332,2083137562,1820084684,1611276733,22333738930,1889346810,1815360801,1956460198,1935025123,1846829833,1886985804,1884561550,1644606588,1820281858,1959737510,1938109600,#VALUE!,#VALUE!
Portugal,217548200,262284298,250446985,229300129,220610625,222443588,228206981,210583846,259406238,278083435,246034518,248185481,2873134324,201369491,236369804,268658557,246820041,227657872,260718028,272149775,192669366,234093486,236658049,232219097,222728950,2832112516,227506311,249868641,265734497,231203531,239193666,252671349,249126507,212989410,265140031,262336850,249317707,244334226,2949422726,259295510,250552318,286526761,256024779,292188628,279393284,270787643,234856036,247362892,288025199,272584869,260034337,3197632256,328263865,265218357,320077040,269502513,309221306,307112136,275050531,268408386,290719543,281028390,334838713,269491942,3518932722,308963164,285930701,356844578,311795128,341949833,296524561,332619142,304097585,309564715,353629678,316783488,283806871,3802509444,302779910,322389629,278145135,182330987,220861492,232619636,285282212,232822318,265413594,311847829,281005767,271936739,3187435248,293165406,280217022,373191159,336682291,370250683,346684190,344506094,321977750,340806961,391411379,388530815,391081991,4178505741,375020655,399842941,521451408,442418109,436716345,466987452,495400351,404282267,463788095,434514353,475844469,440570978,5356837423,404878848,474866171,469479012,424987232,436406715,504995778,386232020,371198906,439449416,447449039,454649300,399697586,5214290023,461911226,480185360,470158376,454410248,425135949,448534595,452484432,365583649,410411026,520409018,477072463,459328213,5425624555
Romania,171060736,197303370,179125806,174141861,171549052,173325678,216826323,146451966,188272373,196385295,170290562,158468256,2143201278,173148544,189468191,227360740,195775290,173725642,202945194,234719434,186097431,222980960,220538083,219108774,186684075,2432552360,193658793,216086763,232187510,211061940,216060301,208697862,237049666,269652182,214157553,231628714,255818746,188076599,2674136628,231351716,227712518,266476086,213889110,255770029,232101297,269938248,277267680,290968327,270846920,264259085,206801424,3007382441,256524051,253619400,275105698,231570353,271567215,278761040,275521986,280744848,281626145,292798686,272626146,218896001,3189361572,263880898,265082905,289720674,268465727,280668262,248851546,262527527,254765852,295015731,308288177,297653372,255692130,3290612801,288009112,296993550,310663033,162264352,216242060,262868716,263252673,237131928,300724852,300099282,326712936,264998322,3229960816,296356949,323823321,353739451,329363337,310351508,327094842,316141941,328880023,381563129,347947014,375380075,323902410,4014544001,345079974,382619326,415451616,347957022,455892474,383750306,369035986,452008588,477440418,431367347,454565118,385985420,4901153599,390496444,437628260,479515566,411467660,424974723,419384925,448531199,455677755,481327421,466301948,493793336,377677229,5286776465,378596190,413485516,429853179,416597344,399980960,405794146,510316202,351540251,436081639,479965744,434109773,#VALUE!,#VALUE!
Sweden,888403818,861258186,957471868,911035144,918213143,923822097,725682899,743702131,926778745,979688074,859818905,811077739,10506952750,785426008,836029359,1011854021,918639507,897845439,1066598908,685388462,822831094,999225754,989684651,967987523,919628165,10901138890,855745814,967834673,1024328951,1001179054,983702512,1066782379,676967775,902406012,1148062515,1054190665,1031931939,1016734351,11729866641,1022660450,1017599754,1157448441,1042751433,1171884878,1166677827,781930639,956958442,1096299400,1136010009,1143166552,956941184,12650329011,1048889232,1021526830,1100481440,1096514523,1051358722,983364982,737631935,861559408,876516485,1075245111,1046345925,887835092,11787269686,1019660907,1009140138,1084942763,1040191069,1097723837,1033121710,824644023,839787000,1069159639,1036703066,976739582,917423550,11949237284,1040925911,923319233,957193703,607207944,715232109,965543977,753071004,898617499,997042397,1026943787,991256384,1035674086,10912028033,955365909,1104202137,1283353192,1037086988,1027462442,1154918999,938591991,951823255,1148151876,1033215116,1154651449,1245431510,13034254867,1172645962,1177079037,1569262570,1204356480,1340713477,1368941779,1067520230,1228955965,1439418779,1491498031,1590651293,1548589693,16199633295,1457157635,1500284312,1676524933,1467239660,1536555737,1465710308,1075709841,1203685404,1512920250,1547701603,1451645705,1344028495,17239163884,1349626296,1531563920,1472252932,1447705472,1454212139,1455749969,1173964402,1275472306,1497799813,1564954322,1505655254,#VALUE!,#VALUE!
Slovenia,54217211,54642994,65272896,57916943,58016929,58839459,58994496,44975598,61612936,57514438,51470268,54242777,677716945,58906773,63732185,77637381,65519967,64160557,68242417,61509405,53925166,68279544,65174611,66726295,59961046,773775347,58677526,68951192,74149591,75887674,75656916,73749459,67656492,62378010,78555634,69875981,72774081,65583154,843895710,72191045,79189753,92171715,79309747,98591627,88277946,76356200,66839409,91153778,92662424,89256279,78656741,1004656664,81502253,80530037,96520131,82082233,90549875,92188643,86661581,72521844,85231845,86645294,94608956,74208832,1023251524,87664832,93617132,108820555,99033476,104414675,91375249,89865822,71850404,96710905,99854412,94553127,87716477,1125477066,89715006,94715248,89437916,52353326,71748654,85723759,91382195,74593206,98195250,94749862,93805335,80522990,1016942747,86637538,86689263,119296166,103557837,102461943,105791617,92785646,90186300,117135950,100302318,109436727,110127338,1224408643,108466014,119757570,133694615,117036848,127727241,132943566,113455095,119508691,131417649,130053233,122212900,137346736,1493620158,156922792,121088518,141116348,103997864,117655210,118031885,99315367,95656947,119727797,116259129,116023102,93751553,1399546512,108215284,122759495,129812359,141971616,111629792,112010253,115142962,95728885,123470766,123422160,112280493,#VALUE!,#VALUE!
Slovakia,160947150,154180840,165215607,149046211,153603114,155147768,134568950,129278947,150596103,168796781,144911644,113889955,1780183070,152973195,152256267,199874140,147687587,139959966,159703713,141933714,133800341,159519620,158262740,166472222,150994542,1863438047,154288637,174437140,185424865,176712055,169445527,190686150,144809612,155522708,166156398,177214935,183424976,152405579,2030528582,147799214,167610415,189024406,159173234,181855237,189523040,135248402,151941246,163026964,187653857,187050691,148130146,2008036852,171236783,172966234,182941710,173971012,188836148,203812310,168312488,164824556,164385377,175512518,181684121,140572999,2089056256,177667089,180709499,191494967,185697340,181195450,168978385,163839973,147963309,167169475,184186926,192570386,160869629,2102342428,201245078,200592797,191131092,113013337,139736310,182784006,169121507,157180474,190994454,181536045,183487564,160222702,2071045366,180617262,192076406,220902563,204718260,185101212,200128163,175398051,167660299,178077517,191827804,187564931,191436399,2275508867,243585105,236651573,262698695,222103135,264208391,241620355,196535356,246763441,255197701,258887654,259350645,225607775,2913209826,253058664,258359435,291813344,252847041,271139489,287107118,216845632,229759175,250025924,263016967,264990438,200123801,3039087028,238803888,247528742,257636526,245012562,261302810,249811531,222626408,206102697,235126913,268052452,251411608,#VALUE!,#VALUE!
