TIME,2014-01,2014-02,2014-03,2014-04,2014-05,2014-06,2014-07,2014-08,2014-09,2014-10,2014-11,2014-12,2014,2015-01,2015-02,2015-03,2015-04,2015-05,2015-06,2015-07,2015-08,2015-09,2015-10,2015-11,2015-12,2015,2016-01,2016-02,2016-03,2016-04,2016-05,2016-06,2016-07,2016-08,2016-09,2016-10,2016-11,2016-12,2016,2017-01,2017-02,2017-03,2017-04,2017-05,2017-06,2017-07,2017-08,2017-09,2017-10,2017-11,2017-12,2017,2018-01,2018-02,2018-03,2018-04,2018-05,2018-06,2018-07,2018-08,2018-09,2018-10,2018-11,2018-12,2018,2019-01,2019-02,2019-03,2019-04,2019-05,2019-06,2019-07,2019-08,2019-09,2019-10,2019-11,2019-12,2019,2020-01,2020-02,2020-03,2020-04,2020-05,2020-06,2020-07,2020-08,2020-09,2020-10,2020-11,2020-12,2020,2021-01,2021-02,2021-03,2021-04,2021-05,2021-06,2021-07,2021-08,2021-09,2021-10,2021-11,2021-12,2021,2022-01,2022-02,2022-03,2022-04,2022-05,2022-06,2022-07,2022-08,2022-09,2022-10,2022-11,2022-12,2022,2023-01,2023-02,2023-03,2023-04,2023-05,2023-06,2023-07,2023-08,2023-09,2023-10,2023-11,2023-12,2023,2024-01,2024-02,2024-03,2024-04,2024-05,2024-06,2024-07,2024-08,2024-09,2024-10,2024-11,2024-12,2024
Austria,66245064.00,69911330.00,80728856.00,75879467.00,76192778.00,64737494.00,73436651.00,68191194.00,86002618.00,92693331.00,72242152.00,67769090.00,894030025.00,66881064.00,70555136.00,79388063.00,82217808.00,78816434.00,93052084.00,80523405.00,72083200.00,90327571.00,85639866.00,84439958.00,101357176.00,985281765.00,70088711.00,74046967.00,84876787.00,81446490.00,104762319.00,85253935.00,77503743.00,78214724.00,93284417.00,85329686.00,90922185.00,76362706.00,1002092670.00,72381129.00,79741501.00,92264520.00,82700022.00,95223979.00,89889357.00,88748559.00,83720579.00,96172825.00,98635215.00,95938221.00,81085484.00,1056501391.00,90919627.00,83316492.00,99303798.00,99147997.00,96308729.00,101230201.00,93117461.00,100374807.00,106356126.00,114624052.00,104911580.00,88772897.00,1178383767.00,98425099.00,99123617.00,101449934.00,90154019.00,98649635.00,92988856.00,95314224.00,90348147.00,107744593.00,115269640.00,100829726.00,107031437.00,1197328927.00,95279064.00,88426143.00,103517079.00,92152312.00,89704841.00,94264400.00,92798912.00,77630742.00,100843987.00,113383846.00,93030911.00,95065102.00,1136097339.00,88765083.00,99969638.00,120696391.00,112820423.00,105827415.00,120439095.00,101182723.00,108191590.00,137562109.00,117593690.00,123170540.00,110426543.00,1346645240.00,96626869.00,105503328.00,128281807.00,118347376.00,139211329.00,136601582.00,119311227.00,118614189.00,141144266.00,143532053.00,127251438.00,146807395.00,1521232859.00,124001671.00,112794980.00,123785779.00,106721964.00,119795206.00,105720141.00,88261983.00,96000523.00,106816986.00,122818783.00,106697984.00,101454560.00,1314870560.00,92419594.00,100908948.00,94796869.00,100167571.00,104607238.00,98293304.00,101374720.00,91815825.00,101095602.00,121031235.00,104649376.00,#VALUE!,#VALUE!
Belgium,364981282.00,317483422.00,299095847.00,330096182.00,330617171.00,348550492.00,307250968.00,303484457.00,336751995.00,333068453.00,302376652.00,301259561.00,3875016482.00,325384278.00,301889076.00,309224207.00,301658988.00,367783802.00,351487760.00,374157221.00,333150985.00,334288535.00,397906874.00,352053840.00,377477559.00,4126463125.00,330830545.00,347995893.00,382140302.00,333068915.00,348939348.00,370795970.00,311757869.00,285577982.00,350514404.00,392946935.00,380273671.00,375384969.00,4210226803.00,321926471.00,393445805.00,434800994.00,383541574.00,360321773.00,360134319.00,320935666.00,339289270.00,415982757.00,424736468.00,456283881.00,420257948.00,4631656926.00,377634043.00,401050469.00,431814550.00,400786904.00,387171723.00,432462245.00,383976457.00,373491176.00,369377553.00,487002577.00,450556870.00,493232508.00,4988557075.00,407603172.00,428391525.00,488021991.00,480019624.00,482075077.00,432969897.00,378978060.00,366942939.00,451108713.00,498266079.00,382318722.00,367123881.00,5163819680.00,425169365.00,358018484.00,440926528.00,428325202.00,284815040.00,348021682.00,275377504.00,304757832.00,289505825.00,335158485.00,340265606.00,333041588.00,4163383141.00,305866698.00,356003838.00,383682927.00,395540396.00,333949111.00,368092477.00,342735473.00,354692847.00,430530351.00,421611691.00,441604102.00,476631527.00,4610941438.00,397246495.00,386619737.00,556125830.00,493991874.00,523688792.00,482592029.00,499563514.00,521641307.00,507432800.00,556043557.00,515029549.00,480897680.00,5920873164.00,523945817.00,437728812.00,528977445.00,478120959.00,435782224.00,486764594.00,451491413.00,426423151.00,543574395.00,439899248.00,454083877.00,427347372.00,5634139307.00,461953908.00,441624818.00,400323552.00,505392404.00,397208325.00,446638812.00,484411920.00,428762285.00,551727346.00,505223196.00,548431200.00,#VALUE!,#VALUE!
Bulgaria,4816527.00,8853228.00,7596847.00,7256020.00,7407579.00,6538615.00,21940776.00,11659934.00,13968190.00,13534830.00,14007352.00,7554074.00,125133973.00,5293927.00,6261550.00,6966649.00,13601196.00,12317047.00,7962038.00,7884562.00,15023284.00,11610923.00,16814941.00,8458985.00,8388395.00,120583498.00,7983695.00,7833445.00,13719038.00,10021670.00,7262463.00,7171993.00,7930023.00,9178434.00,9627739.00,7940591.00,10902671.00,9294354.00,108866116.00,6425118.00,6500602.00,9053325.00,7241429.00,8782159.00,7864379.00,9594597.00,9909414.00,11124165.00,11399505.00,13112472.00,7322570.00,108329736.00,11311933.00,10800035.00,10918374.00,7835747.00,9136509.00,9760887.00,10502651.00,10035996.00,14756537.00,17240022.00,16068364.00,12614458.00,140981514.00,9976851.00,9884176.00,12645665.00,12750289.00,11869213.00,10362327.00,9212084.00,9851626.00,12131139.00,11933792.00,11979972.00,9461547.00,132058681.00,12184518.00,9356715.00,13603892.00,11437018.00,16347701.00,12501448.00,11419001.00,9209350.00,12794819.00,11747098.00,13818394.00,10500246.00,144920201.00,10836966.00,11454498.00,14749583.00,13480129.00,12265567.00,12684258.00,15195946.00,11507956.00,13219077.00,14641802.00,16336118.00,16159311.00,162531210.00,17973789.00,15205867.00,17446970.00,17644890.00,17208850.00,20021584.00,15649240.00,18959913.00,24915904.00,22267333.00,20091531.00,16484690.00,223870561.00,22750362.00,19280266.00,17689390.00,18288043.00,23522150.00,15104266.00,13009308.00,20896015.00,19036364.00,20774562.00,20502088.00,13379996.00,224232809.00,16134410.00,17389281.00,15334836.00,18612033.00,16122670.00,19705506.00,17860398.00,15201641.00,16427149.00,18478429.00,19200307.00,#VALUE!,#VALUE!
Cyprus,2344962.00,914924.00,1758716.00,1354282.00,1323799.00,1194399.00,1228949.00,1048209.00,1471086.00,1569886.00,1584366.00,1426293.00,17219871.00,1309875.00,1074460.00,1476200.00,1321565.00,1726339.00,995172.00,1608342.00,1282366.00,1452976.00,1212226.00,1565196.00,1298470.00,16323187.00,1051287.00,3906796.00,1564741.00,1355891.00,1734576.00,30516234.00,1422849.00,692813.00,1038895.00,1684705.00,1745333.00,4714521.00,51428641.00,1319418.00,898718.00,2157539.00,1751998.00,1430041.00,2693295.00,1051312.00,1800727.00,1237413.00,1493232.00,892660.00,1006186.00,17732539.00,6546572.00,2313117.00,2875733.00,1602826.00,1844539.00,3355000.00,3016339.00,1125101.00,1025011.00,3697013.00,2177234.00,1180486.00,30758971.00,4227609.00,1532378.00,1936156.00,3848189.00,2142394.00,1530887.00,1106645.00,19977989.00,1585850.00,2257276.00,1305681.00,2073477.00,43524531.00,2097978.00,1464161.00,1863632.00,4111042.00,2600054.00,2817426.00,1888952.00,1642318.00,1646209.00,1624195.00,2007392.00,2069898.00,25833257.00,1185415.00,1231013.00,1795207.00,1593927.00,1340328.00,4086906.00,2223356.00,1392404.00,2528858.00,1370582.00,3367672.00,2183381.00,24299049.00,1650919.00,1902273.00,2614212.00,2368308.00,2899857.00,4975644.00,2198495.00,2377518.00,3115280.00,2530107.00,11166153.00,1858852.00,39657618.00,2366075.00,2189407.00,2674151.00,2470568.00,3651880.00,2921958.00,2166950.00,2070543.00,1879985.00,1981348.00,2017116.00,2196988.00,28586969.00,2872580.00,4470095.00,2366995.00,4247002.00,2382187.00,2757657.00,2173329.00,1797709.00,2679875.00,6097543.00,2199503.00,#VALUE!,#VALUE!
Czechia,83306223.00,78308056.00,81872880.00,89412362.00,79652086.00,87813950.00,84752949.00,71174106.00,92581814.00,96252707.00,99017541.00,79634159.00,1023778834.00,86739805.00,82284495.00,97467086.00,87889518.00,80108690.00,88628080.00,89681197.00,79358906.00,98147648.00,108393521.00,100135874.00,86600388.00,1085435207.00,97807364.00,94957718.00,96486039.00,89978739.00,91207205.00,108923395.00,65167780.00,80158403.00,90422827.00,88299768.00,91444387.00,92412829.00,1087266456.00,92060066.00,96893369.00,106726560.00,93186342.00,105836922.00,118285171.00,88500698.00,112271748.00,118578952.00,123019443.00,129219724.00,104312303.00,1288891300.00,119355124.00,105224111.00,118083847.00,120769465.00,127095458.00,121948321.00,85394323.00,102591314.00,112445536.00,130880782.00,143958405.00,104657358.00,1392404046.00,117734777.00,105312454.00,114333959.00,116921651.00,127803077.00,100846511.00,94957992.00,108273587.00,122177650.00,125839993.00,126041983.00,91039913.00,1351283545.00,105771090.00,103589288.00,109955829.00,80934911.00,97155945.00,115895422.00,88266207.00,89915306.00,119142865.00,120320225.00,130697385.00,100357398.00,1262001870.00,110130354.00,112752697.00,145762452.00,128472464.00,121533823.00,136891727.00,112273349.00,114270914.00,136954064.00,131706004.00,145819256.00,115989423.00,1512556529.00,133108120.00,129797139.00,155734056.00,145452332.00,151799848.00,156001335.00,145495197.00,139163525.00,165994031.00,148612169.00,153178774.00,120448765.00,1744785292.00,151698770.00,142856502.00,167832132.00,147513823.00,145614828.00,147704453.00,112654646.00,134742263.00,147139793.00,167449289.00,151148074.00,109992791.00,1726347364.00,142922319.00,126606245.00,126594818.00,136438820.00,137540519.00,132191765.00,123312195.00,134617374.00,146319914.00,144708680.00,140675254.00,102311870.00,1594239770.00
Germany,1256599255.00,1279708419.00,1295096877.00,1266784212.00,1298603771.00,1259801518.00,1323057025.00,1204447682.00,1417886339.00,1446483831.00,1387170536.00,1245651527.00,15681290992.00,1262455857.00,1319399032.00,1510649264.00,1458881974.00,1350105459.00,1529569977.00,1417929826.00,1289569107.00,2022922192.00,1476014885.00,1476694928.00,1264061179.00,17378253680.00,1259531781.00,1438134306.00,1391406684.00,1388973857.00,1359781904.00,1437338234.00,1256899271.00,1226917144.00,2016228298.00,1474470131.00,1468448288.00,1300852458.00,17018982356.00,1377358234.00,1523391786.00,1620274469.00,1543793428.00,1571965122.00,1545054121.00,1442783461.00,2060527663.00,1600194895.00,1588324731.00,1680245765.00,1440659526.00,18994573201.00,1503872127.00,1485579862.00,1665281229.00,1590660142.00,1611936827.00,1603026416.00,2094750707.00,1498603292.00,1533255081.00,1702176342.00,1577821045.00,1525521432.00,19392484502.00,1585131959.00,1550446400.00,2227495961.00,1668384275.00,1732922616.00,1592214803.00,1499231925.00,1548844120.00,1684102298.00,1712545536.00,1558001653.00,1347287405.00,19706608951.00,1500450680.00,1529410231.00,1634406150.00,1204583390.00,1175968255.00,1389166807.00,1416701064.00,1398836047.00,1532331402.00,1527258180.00,1585725926.00,1401548977.00,17296387109.00,1363834222.00,1580401816.00,1755738667.00,1557942740.00,1655535241.00,1728768540.00,1646073150.00,1529038060.00,1722406055.00,1799292660.00,1895634739.00,1782971460.00,20017637350.00,1639646380.00,1705311679.00,2051476904.00,1891853795.00,1948971183.00,1972905704.00,1732389492.00,1908010047.00,2008926973.00,1821855667.00,2000304134.00,1566525275.00,22248177233.00,1692265622.00,1571262037.00,2074884228.00,1776206593.00,1791828154.00,1757642895.00,1505749826.00,1617510070.00,1693767696.00,1680319332.00,1802501952.00,1441851571.00,20405789976.00,1701329044.00,1581964285.00,1463874754.00,1727914537.00,1598310657.00,2204119832.00,1580446235.00,1614722445.00,1640762059.00,1717034398.00,1512475908.00,#VALUE!,#VALUE!
Denmark,315086958.00,244552609.00,264338387.00,306559251.00,283209048.00,265561620.00,289830575.00,238115625.00,273982806.00,323038863.00,254139744.00,267164285.00,3325579774.00,291630493.00,277590391.00,334792716.00,284593601.00,238543688.00,254639861.00,222365387.00,262988605.00,252511113.00,290801238.00,283720606.00,219873509.00,3214051209.00,254408003.00,266214542.00,259225880.00,248553078.00,248837405.00,282890914.00,211245250.00,222800441.00,269007673.00,235165715.00,247195047.00,217062733.00,2962606682.00,287109849.00,249505909.00,279602169.00,240129783.00,259237708.00,285945095.00,252964852.00,282675031.00,286599510.00,252309249.00,251348252.00,264872493.00,3192299899.00,269321275.00,251120508.00,260502866.00,241888790.00,299445030.00,269788522.00,217675544.00,330556046.00,252894003.00,319359182.00,283431576.00,219678707.00,3215662049.00,261731769.00,269157770.00,250679678.00,289114283.00,277673927.00,248393630.00,230006670.00,257612084.00,248012628.00,247706338.00,287891786.00,223764734.00,3091745296.00,259362523.00,231628467.00,282073395.00,237590342.00,227034233.00,269181523.00,233358050.00,255807021.00,258181544.00,266158660.00,269485448.00,250030090.00,3039891296.00,242072752.00,286420786.00,364659694.00,290505693.00,274279819.00,336636244.00,284043148.00,286493855.00,355392003.00,334173236.00,328467760.00,302175714.00,3685320703.00,314566580.00,353965489.00,507357985.00,341996859.00,321621852.00,347234894.00,292025669.00,341744024.00,354518880.00,336458001.00,361234076.00,281329960.00,4154054268.00,373859066.00,307325503.00,430490690.00,320383804.00,353266313.00,336960047.00,251199375.00,301414186.00,295847187.00,311863901.00,307287019.00,277490891.00,3867387980.00,323059654.00,306621662.00,284497598.00,388199253.00,324112059.00,312532006.00,291886894.00,317257571.00,382466270.00,324534628.00,330861643.00,#VALUE!,#VALUE!
Estonia,310370476.00,293362203.00,328618681.00,347371658.00,339750039.00,327902187.00,306977047.00,312986794.00,360995999.00,354175225.00,324606030.00,301161823.00,3908278162.00,267970975.00,271610530.00,326668929.00,327974692.00,304592670.00,324545333.00,304956278.00,291499590.00,324915588.00,338061170.00,320872321.00,307998924.00,3711667000.00,268379505.00,278079442.00,344429608.00,326003369.00,316814367.00,311481839.00,281758728.00,309365164.00,322066341.00,310806346.00,323922644.00,278986118.00,3672093471.00,507375524.00,291482090.00,364884386.00,316461795.00,350062329.00,325750164.00,292775932.00,339515017.00,342173701.00,358312665.00,348350013.00,313925218.00,4151068834.00,336375173.00,332358095.00,340347613.00,392826761.00,382528307.00,369245365.00,353138497.00,361513731.00,364911877.00,406582579.00,398093950.00,333185197.00,4371107145.00,345070222.00,327722504.00,377100668.00,361986324.00,390797475.00,356655098.00,367564186.00,364855683.00,376336562.00,399506664.00,364483842.00,331526646.00,4363605874.00,335612778.00,350540686.00,379907850.00,342871247.00,334847388.00,342796782.00,336191389.00,328114077.00,368971447.00,389282337.00,386654053.00,364765477.00,4260555511.00,318490235.00,359227177.00,422457202.00,411806330.00,409319118.00,438604746.00,420510882.00,455395995.00,533152119.00,535027774.00,562839486.00,537036754.00,5403867818.00,561235845.00,495126892.00,634869291.00,593499009.00,630491234.00,658487731.00,617032413.00,738981428.00,711744551.00,644135044.00,686569966.00,948556388.00,7920729792.00,568088549.00,563633939.00,617614682.00,489540867.00,553373838.00,528729756.00,435621149.00,548278454.00,538661465.00,522199683.00,508985435.00,424959320.00,6299687137.00,455808466.00,390482646.00,395887960.00,472642406.00,486223334.00,448456679.00,410655979.00,487876650.00,480049082.00,528999696.00,473404237.00,429279742.00,5459766877.00
Spain,130276967.00,152747265.00,151506362.00,145928750.00,158292883.00,148520572.00,149741073.00,107599290.00,176883549.00,163897108.00,164827233.00,180616278.00,1830837330.00,135298102.00,166725128.00,185857615.00,159765537.00,164025369.00,168295652.00,167332693.00,143747918.00,172056409.00,168334877.00,170471335.00,196556360.00,1998466995.00,156374207.00,153578283.00,188378900.00,176447913.00,199555892.00,258029048.00,193287522.00,138671944.00,183722273.00,163011513.00,180738483.00,185970616.00,2177766594.00,165239044.00,179243496.00,223098305.00,144935176.00,199712940.00,187550504.00,158184863.00,147301946.00,172280897.00,174057243.00,181447548.00,172241491.00,2105293453.00,191241473.00,210290575.00,209222845.00,179007003.00,189191911.00,190259428.00,174422302.00,146181330.00,204348567.00,184357083.00,188387589.00,171353257.00,2238263363.00,211628386.00,189062194.00,201384327.00,186662359.00,195749678.00,181133586.00,201263860.00,156918240.00,203362384.00,199960807.00,172178883.00,232436364.00,2331741068.00,220232087.00,183797964.00,300035593.00,171576729.00,157815037.00,181826264.00,172478734.00,126856342.00,172472306.00,187957196.00,184572563.00,243986027.00,2303606842.00,197816508.00,193577882.00,267467362.00,200945209.00,209289823.00,198828241.00,197963626.00,147592592.00,228919958.00,181951705.00,238783813.00,214751922.00,2477888641.00,183234847.00,197458152.00,248490098.00,243220589.00,269082925.00,305656452.00,258699212.00,201987208.00,283796025.00,249463915.00,273291846.00,300431767.00,3014813036.00,260249781.00,214330550.00,254014017.00,220911320.00,239097149.00,269726497.00,205426568.00,168297582.00,217932953.00,185884104.00,264676637.00,189592268.00,2690139426.00,193474985.00,233518478.00,199194388.00,215298312.00,244392462.00,238383123.00,242535107.00,207100276.00,302566185.00,261285327.00,297854002.00,274555480.00,2910158125.00
Finland,0.00,0.00,0.00,0.00,0.00,0.00,0.00,0.00,0.00,0.00,0.00,0.00,0.00,0.00,0.00,0.00,0.00,0.00,0.00,0.00,0.00,0.00,0.00,0.00,0.00,0.00,0.00,0.00,0.00,0.00,0.00,0.00,0.00,0.00,0.00,0.00,0.00,0.00,0.00,0.00,0.00,0.00,0.00,0.00,0.00,0.00,0.00,0.00,0.00,0.00,0.00,0.00,0.00,0.00,0.00,0.00,0.00,0.00,0.00,0.00,0.00,0.00,0.00,0.00,0.00,0.00,0.00,0.00,0.00,0.00,0.00,0.00,0.00,0.00,0.00,0.00,0.00,0.00,0.00,0.00,0.00,0.00,0.00,0.00,0.00,0.00,0.00,0.00,0.00,0.00,0.00,0.00,0.00,0.00,0.00,0.00,0.00,0.00,0.00,0.00,0.00,0.00,0.00,0.00,0.00,0.00,0.00,0.00,0.00,0.00,0.00,0.00,0.00,0.00,0.00,0.00,0.00,0.00,0.00,0.00,0.00,0.00,0.00,0.00,0.00,0.00,0.00,0.00,0.00,0.00,0.00,0.00,0.00,0.00,0.00,0.00,0.00,0.00,0.00,0.00,0.00,0.00,0.00
France,267934618.00,259096050.00,282995036.00,295008511.00,287088157.00,289812659.00,272205082.00,213357921.00,328472134.00,300395466.00,259875846.00,267525250.00,3323766730.00,277645682.00,278473479.00,316008717.00,292481596.00,272050742.00,308395396.00,280233848.00,219385531.00,288555533.00,421432517.00,275379352.00,560501732.00,3790544125.00,247352060.00,270207678.00,441562100.00,411663229.00,317638064.00,441131090.00,238350567.00,238250854.00,426265203.00,294397242.00,281512732.00,261676845.00,3870007664.00,266416915.00,285938908.00,486987432.00,254323977.00,284475838.00,576280088.00,311838945.00,242393538.00,425671975.00,355740772.00,336729827.00,289276394.00,4116074609.00,322207062.00,307165691.00,346007648.00,308611262.00,299242823.00,327125785.00,269480728.00,281141952.00,308510019.00,361805205.00,331150004.00,445234583.00,3907682762.00,327029512.00,511912634.00,324211000.00,517114892.00,343607754.00,339880830.00,296280030.00,252025988.00,310973009.00,347163763.00,301353886.00,296547891.00,4168101189.00,308759180.00,473755518.00,298807057.00,229581278.00,260282198.00,284965567.00,277547657.00,248232639.00,491139875.00,315767959.00,302415940.00,291166369.00,3782421237.00,284981996.00,311601694.00,331396223.00,326388394.00,308804240.00,335722346.00,292791038.00,261882661.00,370239344.00,335811396.00,402783727.00,531382664.00,4093785723.00,351165414.00,336669559.00,373047334.00,367213524.00,386228754.00,419929772.00,365504500.00,364970033.00,404203654.00,396509258.00,364520823.00,386262560.00,4516225185.00,428036036.00,334163187.00,510608259.00,392055262.00,430557759.00,419974470.00,332456436.00,300391146.00,395695738.00,353293703.00,345059992.00,326095627.00,4568387615.00,342294755.00,337406078.00,338382462.00,358619367.00,374446461.00,386339423.00,354205971.00,303017140.00,367264006.00,374242996.00,326618365.00,#VALUE!,#VALUE!
Greece,14339324.00,25773124.00,22225699.00,24557526.00,22159709.00,24257954.00,21486289.00,20856652.00,16104653.00,34785059.00,30463048.00,24717613.00,281726650.00,35214181.00,27519444.00,17059519.00,33370412.00,15068443.00,24291778.00,29572174.00,11009401.00,22588154.00,18242049.00,24048892.00,33565233.00,291549680.00,25742346.00,22811993.00,25459479.00,25439791.00,20676153.00,25170734.00,17722858.00,21687393.00,20606798.00,21224469.00,19996762.00,29101610.00,275640386.00,20344906.00,23956842.00,23274395.00,16953995.00,29898824.00,28721979.00,25570685.00,20812345.00,22123876.00,25314009.00,25021382.00,26682326.00,288675564.00,28121870.00,25020722.00,27387933.00,25939887.00,30660152.00,29784685.00,26406155.00,26540188.00,28811873.00,22260624.00,37004668.00,29075270.00,337014027.00,18513774.00,31990158.00,29172425.00,27881977.00,29461853.00,20716493.00,30533504.00,24329824.00,23629082.00,27455798.00,34511626.00,30553727.00,328750241.00,18924866.00,16715526.00,16866292.00,24455734.00,24463466.00,19701835.00,17089785.00,23284304.00,23938637.00,33912221.00,17969426.00,24726055.00,262048147.00,24212131.00,34217581.00,24297313.00,32251069.00,26138034.00,26750755.00,36887596.00,27843646.00,26819136.00,34119966.00,24269142.00,31669782.00,349476151.00,43334130.00,46341601.00,29179072.00,27843271.00,45327771.00,56178351.00,32927875.00,25023677.00,29425706.00,31558900.00,26911047.00,34032242.00,428083643.00,33403430.00,29784237.00,43819385.00,29059748.00,31803572.00,36827004.00,22688573.00,21659063.00,27689539.00,30344137.00,27611915.00,26666239.00,361356842.00,29294339.00,29091122.00,29677783.00,30262706.00,32404038.00,37125505.00,39339144.00,24176706.00,38842277.00,29290249.00,28686265.00,24848839.00,373038973.00
Croatia,3526887.00,2220754.00,2765339.00,4207824.00,4201496.00,4204223.00,5310448.00,6026519.00,10455334.00,3381244.00,3807969.00,4172101.00,54280139.00,2486983.00,2211996.00,2967062.00,4194360.00,4706237.00,10348866.00,3865311.00,4499915.00,2942896.00,4558934.00,3324762.00,3329454.00,49436776.00,2020900.00,2478533.00,3915910.00,3350679.00,6725697.00,4718061.00,4506753.00,3873735.00,5145768.00,5778747.00,5642478.00,7408582.00,55565843.00,3643900.00,4923862.00,6568613.00,5274656.00,6875136.00,7342678.00,5749561.00,5602449.00,5166630.00,5930013.00,5195059.00,4036329.00,66308886.00,4524587.00,3144462.00,4076280.00,5022651.00,3559754.00,3779217.00,35517025.00,8283469.00,6013536.00,4673718.00,3713362.00,3391105.00,85699166.00,3115942.00,4351221.00,5648098.00,6798644.00,6918978.00,4752623.00,8023133.00,4552092.00,6919155.00,7604307.00,6014456.00,4573555.00,69272204.00,3005939.00,4549273.00,5353059.00,4579686.00,4669171.00,9029113.00,4696926.00,4776702.00,4513512.00,6609515.00,5364921.00,6196729.00,63344542.00,4404714.00,4626058.00,6510490.00,5875098.00,6641512.00,9010523.00,8404637.00,5334530.00,6246550.00,6978966.00,5568115.00,9150885.00,78752079.00,7476225.00,6595455.00,9640138.00,6186675.00,12572531.00,10514372.00,9885108.00,10308703.00,9306911.00,10418987.00,7701532.00,7600892.00,108207528.00,11176377.00,6979145.00,13007033.00,6861669.00,10082617.00,8112371.00,7227980.00,7546046.00,10959334.00,10175562.00,14875398.00,9098620.00,116102152.00,10125636.00,8799001.00,10011915.00,10369579.00,12982128.00,8106865.00,9125786.00,6548846.00,8501078.00,10381717.00,10590250.00,#VALUE!,#VALUE!
Hungary,43119752.00,38693575.00,39957843.00,38902314.00,41808040.00,46390524.00,53387761.00,33421196.00,38353500.00,36174947.00,38323575.00,41616066.00,490149093.00,36971893.00,38280321.00,49356809.00,39472220.00,41075283.00,59827597.00,41741338.00,36667218.00,39184950.00,58809342.00,52218303.00,47720966.00,541326238.00,39957774.00,50714413.00,42963688.00,49221926.00,44957706.00,62470466.00,39492401.00,47227266.00,41057872.00,38884168.00,38404679.00,54058698.00,549411056.00,43909545.00,49448943.00,52982261.00,41684580.00,53421223.00,61453903.00,42445932.00,51935276.00,56424102.00,55646685.00,57982986.00,47521312.00,614856750.00,53959361.00,55406600.00,60013237.00,55919132.00,58173405.00,55595980.00,43703973.00,45531958.00,50393823.00,54229721.00,58301015.00,51298802.00,642527008.00,61966050.00,58802705.00,59496989.00,53670346.00,60406608.00,51080666.00,51953761.00,52039088.00,61016758.00,66006786.00,57856541.00,48894374.00,683190675.00,58634042.00,56629252.00,61569599.00,44791976.00,45035073.00,52230577.00,52022989.00,49343092.00,62792640.00,54127030.00,57017588.00,46373108.00,640566965.00,46873941.00,54716157.00,66051727.00,53154867.00,52437549.00,62587834.00,52577765.00,49846408.00,67038464.00,58414149.00,63573045.00,56936682.00,684208589.00,61166214.00,62871116.00,79225680.00,64828525.00,73478513.00,64979457.00,58218888.00,67681411.00,65217906.00,74340772.00,67200285.00,50717797.00,789926563.00,51514282.00,53358665.00,75091845.00,52697373.00,63516137.00,57374922.00,49632830.00,52192321.00,57516766.00,60899761.00,61649310.00,51032642.00,686476855.00,71415577.00,58588733.00,58933914.00,62423655.00,63608854.00,63581901.00,52500245.00,62101569.00,53899749.00,66046426.00,55911253.00,#VALUE!,#VALUE!
Ireland,39048378.00,33762657.00,36687934.00,29013246.00,29454791.00,49472690.00,34376007.00,42431323.00,32749314.00,37508037.00,35080813.00,40845118.00,440430308.00,38218861.00,33572696.00,41257440.00,41862917.00,36810168.00,34042601.00,31981631.00,36567027.00,32370923.00,182591942.00,37196791.00,36400692.00,582873689.00,30986236.00,30101368.00,34578481.00,25903007.00,33737198.00,42316346.00,26639585.00,33184917.00,154058438.00,30483455.00,29202918.00,40626458.00,511818407.00,37615176.00,32839580.00,43111317.00,175904608.00,48896836.00,36206612.00,32913200.00,24569728.00,45927119.00,44926219.00,33650790.00,36703076.00,593264261.00,29855321.00,34933937.00,53998736.00,32681133.00,42102367.00,32237338.00,35295527.00,28733364.00,28701851.00,33107577.00,40353870.00,24577917.00,416578938.00,39124431.00,59504301.00,35168632.00,35098328.00,34734116.00,36127728.00,33374787.00,29703787.00,32149254.00,32891053.00,37395231.00,32318164.00,437589812.00,34679946.00,34655102.00,36887209.00,36594488.00,31196881.00,36138945.00,31467941.00,26801630.00,36069584.00,39731707.00,41588042.00,39052445.00,424863920.00,33342795.00,38772367.00,40096595.00,36331587.00,37667875.00,44064470.00,40661364.00,36967473.00,326105459.00,33915186.00,46077619.00,52165062.00,766167852.00,39764625.00,22774419.00,47554741.00,58046227.00,39807235.00,48164307.00,51680524.00,47971503.00,41837473.00,43245089.00,54868302.00,50917161.00,546631606.00,38086095.00,42447298.00,49449587.00,41879331.00,50462945.00,38846371.00,40065684.00,41321221.00,28939927.00,28441729.00,37983964.00,35347548.00,473271700.00,31236241.00,34738718.00,30994890.00,35099833.00,34805910.00,38831115.00,38961434.00,27016646.00,31327528.00,35554529.00,34380466.00,65165320.00,438112630.00
Italy,217594166.00,242597893.00,256115503.00,256406678.00,234185024.00,257757275.00,250180534.00,154489044.00,253462834.00,283963360.00,205147271.00,206234716.00,2818134298.00,246011026.00,228306593.00,260200931.00,245578478.00,253531539.00,242701614.00,257505922.00,128405633.00,231424383.00,236998482.00,227071421.00,209351155.00,2767087177.00,194420151.00,227942076.00,258618904.00,260525712.00,242842682.00,245088905.00,245929169.00,153013163.00,265587592.00,231273887.00,319739308.00,245753454.00,2890735003.00,212420263.00,254435509.00,322312686.00,236548175.00,269032510.00,252851273.00,259975688.00,188223147.00,274487183.00,316178568.00,275768556.00,238026094.00,3100259652.00,248900082.00,283105950.00,298974630.00,261991584.00,292322729.00,292473216.00,268908284.00,200298147.00,295175761.00,323384799.00,299403828.00,258397798.00,3323336808.00,266608797.00,261591466.00,297427131.00,266610553.00,304854284.00,277267640.00,313931054.00,192426595.00,275879751.00,330129227.00,270348499.00,1180508352.00,4237583349.00,303755560.00,283269551.00,255849599.00,206619956.00,257500152.00,291694684.00,270329306.00,174904873.00,277821444.00,284907810.00,301060183.00,284878302.00,3192591420.00,241074073.00,303199165.00,358410659.00,307964990.00,338951278.00,346290847.00,391237770.00,250402743.00,392922028.00,348063245.00,355800412.00,1284633249.00,4918950459.00,325917391.00,363685106.00,539549128.00,414533117.00,448392423.00,442520593.00,443890614.00,303542956.00,482813237.00,414551449.00,432507905.00,360202815.00,4972106734.00,383286177.00,400565226.00,477652093.00,428914452.00,422784557.00,396727638.00,405277904.00,292665833.00,380800042.00,401417223.00,371073188.00,371660831.00,4732825164.00,357021688.00,377913593.00,365068476.00,372089677.00,384229955.00,353873210.00,404919326.00,261491073.00,369665887.00,382217708.00,351921610.00,#VALUE!,#VALUE!
Lithuania,62396351.00,61441143.00,73080503.00,80825681.00,72102463.00,73965177.00,82958447.00,71336652.00,77502381.00,63783705.00,70463765.00,70822652.00,860678922.00,59570675.00,64923660.00,89234314.00,73952350.00,68292997.00,83340589.00,82396232.00,79702620.00,74864983.00,81564678.00,83978166.00,89124441.00,930945705.00,65555600.00,65811516.00,82965630.00,82438672.00,96433829.00,91305725.00,76802343.00,82360434.00,87624370.00,87444500.00,103080938.00,109102079.00,1030925636.00,88433307.00,90377351.00,107245977.00,84791013.00,113748917.00,109211988.00,92659408.00,97292651.00,101435155.00,98538291.00,114436201.00,95799087.00,1193969346.00,100217874.00,98357663.00,103340327.00,101989454.00,112020297.00,114577487.00,95119032.00,106204132.00,104481515.00,108806918.00,126028057.00,102284953.00,1273427709.00,114728534.00,105111473.00,110461765.00,107504974.00,136416442.00,106325342.00,110392971.00,111125029.00,117239072.00,108732305.00,109589417.00,117108185.00,1354735509.00,107845295.00,99700251.00,112042314.00,95830617.00,105436571.00,125503746.00,109410477.00,112363942.00,116602043.00,129064668.00,133605466.00,134228387.00,1381633777.00,125259212.00,133357341.00,155142478.00,131146849.00,137974148.00,140676689.00,144157113.00,132784593.00,133496137.00,141607881.00,159504510.00,144908450.00,1680015401.00,165370002.00,145842882.00,181572374.00,171961035.00,185151628.00,198026274.00,168869359.00,170700612.00,175993733.00,179736295.00,167177599.00,156559507.00,2066961300.00,159227469.00,151068400.00,166955905.00,140871878.00,163578765.00,154344347.00,130198129.00,158097438.00,150465512.00,151347157.00,155777179.00,133537274.00,1815469453.00,176221415.00,121592313.00,134995517.00,141176203.00,179872536.00,155625523.00,149519685.00,144236984.00,151528621.00,150308043.00,142076475.00,119096981.00,1766250296.00
Luxembourg,5037020.00,4654357.00,5674602.00,5901965.00,6060069.00,5594556.00,4924393.00,4371509.00,5306390.00,5982258.00,5536481.00,4783511.00,63827111.00,5530804.00,6209768.00,5618027.00,6319874.00,6074258.00,7820888.00,5764838.00,6592113.00,6754082.00,5895948.00,6197894.00,7521594.00,76300088.00,4670976.00,4638039.00,7700893.00,5919428.00,5809016.00,5655217.00,4030666.00,5712160.00,6158435.00,5798716.00,7339035.00,5994072.00,69426653.00,6339060.00,6543244.00,6801274.00,6336282.00,5912030.00,6530167.00,5682605.00,5872561.00,5874203.00,7558687.00,10339852.00,5553426.00,79343391.00,5791495.00,7308402.00,7627951.00,7142276.00,6647729.00,8264264.00,5938787.00,6439629.00,6561374.00,7124521.00,5655601.00,7075860.00,81577889.00,15685801.00,13830256.00,12571361.00,12109709.00,6639367.00,8509388.00,6620673.00,6788944.00,9460052.00,7122909.00,6245011.00,5147588.00,110731059.00,6691359.00,5903194.00,7214772.00,6312095.00,6292919.00,7418395.00,6407720.00,5982464.00,7694874.00,7172848.00,7464803.00,6717090.00,81272533.00,10418691.00,7353821.00,8878215.00,13853086.00,9173087.00,10199708.00,6301981.00,8633156.00,9146721.00,11343566.00,8583892.00,11054675.00,114940599.00,9273437.00,8824203.00,10840922.00,10524089.00,10555126.00,11800312.00,11774317.00,10538203.00,12331835.00,9740831.00,7775111.00,8045593.00,122023979.00,8906510.00,8877492.00,12390132.00,9958929.00,11962879.00,9190119.00,8487033.00,13630790.00,8701411.00,10566344.00,9832136.00,6042282.00,118546057.00,9542423.00,9360663.00,8813132.00,7677003.00,10488334.00,8453525.00,10733446.00,5836723.00,8162088.00,8574266.00,8358665.00,#VALUE!,#VALUE!
Latvia,70755299.00,67392269.00,75869030.00,82927498.00,82703905.00,77640846.00,76435508.00,87377623.00,101360267.00,95654702.00,85296758.00,74295199.00,977708904.00,55325394.00,64319263.00,72772893.00,70881425.00,70143977.00,67495948.00,71959521.00,87755027.00,82526526.00,81898406.00,69591542.00,63065079.00,857735001.00,49960575.00,53128385.00,57195074.00,65562732.00,65341209.00,68252279.00,63470963.00,60399908.00,66738153.00,65655039.00,76954399.00,68475866.00,761134582.00,64905409.00,57185234.00,65979365.00,63278381.00,69745039.00,68363444.00,65323038.00,74111910.00,77119057.00,76807170.00,83123480.00,78741207.00,844682734.00,76002111.00,72489762.00,73759136.00,77098668.00,83174099.00,82404478.00,78139053.00,89990664.00,82226696.00,87383315.00,91248809.00,83848928.00,977765719.00,81943770.00,79521215.00,87947810.00,85358550.00,92890804.00,81030200.00,78006049.00,92579929.00,78338231.00,85902142.00,77917050.00,79015896.00,1000451646.00,79514613.00,68529280.00,85758231.00,74081456.00,66086747.00,80364476.00,77822150.00,72601654.00,83750072.00,96012514.00,84297736.00,78466632.00,947285561.00,76064158.00,83027743.00,86827275.00,95136034.00,86555212.00,91149749.00,90371500.00,97094807.00,103994038.00,116350934.00,108999658.00,113499809.00,1149070917.00,138411922.00,121085069.00,164099009.00,150113398.00,146772588.00,144647241.00,134011459.00,212720048.00,192151592.00,197872373.00,177665449.00,155149692.00,1934699840.00,167206072.00,179723381.00,169383348.00,176375477.00,180461955.00,157002317.00,102425288.00,145162520.00,155403474.00,119992087.00,112906641.00,104356717.00,1770399277.00,103430222.00,107035937.00,105865069.00,114524799.00,157811537.00,148488571.00,109302949.00,169978242.00,141432380.00,209302174.00,114241739.00,274215008.00,1755628627.00
Malta,458290.00,149664.00,335568.00,195028.00,343889.00,221096.00,1216314.00,1351767.00,347160.00,306981.00,224173.00,157117.00,5307047.00,161593.00,279879.00,92453.00,315371.00,539598.00,888130.00,668903.00,446572.00,422348.00,691714.00,1030277.00,634295.00,6171133.00,1195741.00,1316419.00,508839.00,2014973.00,1790074.00,830821.00,1705835.00,685144.00,685144.00,1467826.00,405981.00,1932962.00,14539759.00,1032478.00,1325738.00,1400492.00,1036119.00,501279.00,629705.00,6777495.00,516496.00,352474.00,655596.00,869520.00,216623.00,15314015.00,400847.00,959702.00,611207.00,481553.00,906531.00,1193527.00,894530.00,462104.00,2391753.00,1113897.00,518218.00,484448.00,10418317.00,723244.00,837852.00,488210.00,445705.00,833890.00,508551.00,855715.00,673387.00,819617.00,1136871.00,401509.00,371471.00,8096022.00,996248.00,325487.00,617205.00,1456775.00,523672.00,343875.00,582232.00,771933.00,1172644.00,833079.00,983182.00,544451.00,9150783.00,902847.00,1213216.00,491874.00,911148.00,6763812.00,931530.00,807447.00,196188.00,766428.00,8421045.00,2623545.00,1534783.00,25563863.00,833760.00,1663279.00,1787274.00,1464706.00,2437210.00,1396967.00,1289692.00,2377749.00,2366114.00,2193876.00,789203.00,1677366.00,20277196.00,1626871.00,1091013.00,1715456.00,1729202.00,2415891.00,1292822.00,567524.00,1180936.00,1752760.00,2117606.00,1058349.00,3959732.00,20508162.00,1043149.00,1878168.00,838433.00,898483.00,1491372.00,1688763.00,1865957.00,2204500.00,2609596.00,1906464.00,3045040.00,#VALUE!,#VALUE!
Netherlands,692079421.00,649834839.00,665964376.00,711207092.00,841568533.00,710688507.00,730090156.00,702096345.00,715981576.00,766633527.00,677891900.00,675302566.00,8539338838.00,728437209.00,754462074.00,855979917.00,811613255.00,705459354.00,751563522.00,712073662.00,619285027.00,750670517.00,726494352.00,748459279.00,742748328.00,8907246496.00,656880980.00,708757327.00,767290172.00,676623251.00,682863153.00,707876125.00,691791104.00,672252011.00,723858584.00,769664267.00,772881418.00,865519489.00,8696257881.00,793870920.00,749534165.00,960817535.00,657768938.00,837402748.00,756149974.00,812931904.00,872643741.00,819160621.00,840081814.00,913241399.00,779807013.00,9793410772.00,866055561.00,773034356.00,970817750.00,801389232.00,910118050.00,910209132.00,793443409.00,826457780.00,816640353.00,869318749.00,902225158.00,751194642.00,10190904172.00,889785257.00,814129754.00,878149121.00,866371979.00,960442595.00,803647004.00,817840971.00,732501702.00,813713293.00,786107084.00,747027814.00,705160169.00,9814876743.00,836857279.00,729980354.00,817761725.00,729841728.00,726614087.00,765942357.00,742337141.00,715417108.00,790705996.00,854697550.00,810314759.00,812984465.00,9333454549.00,759919809.00,792676647.00,946249158.00,820338705.00,854288869.00,887629549.00,951435650.00,947136205.00,996239644.00,947974339.00,1030490309.00,1140182492.00,11074561376.00,1086857356.00,1068206802.00,1390458181.00,1288373990.00,1260602404.00,1258102034.00,1131957195.00,1101123107.00,1308175376.00,1116410612.00,1189088742.00,1261202381.00,14460558180.00,1120927701.00,964798775.00,1423679334.00,1101445491.00,1186439445.00,1143375207.00,1067926835.00,1073514608.00,1064469427.00,1084354760.00,1172402936.00,953452039.00,13356786558.00,1141039982.00,1001746036.00,1031868396.00,1144951188.00,1232491794.00,1088340080.00,1100857384.00,1013415769.00,1121406987.00,1049334560.00,947989866.00,#VALUE!,#VALUE!
Poland,390250273.00,207464789.00,239201066.00,216795182.00,238822062.00,213775822.00,218074975.00,212450109.00,245070001.00,237048512.00,235950000.00,245881163.00,2900783956.00,229728691.00,257071740.00,268040303.00,241332760.00,232668790.00,224896508.00,205365611.00,216636932.00,239895570.00,235214106.00,235317279.00,228176513.00,2814344804.00,221089192.00,239885790.00,247492403.00,252359598.00,236520344.00,246528667.00,242754820.00,249905068.00,250505409.00,246879062.00,235786522.00,236212409.00,2905919285.00,244287240.00,236771224.00,296306948.00,234500006.00,282097379.00,340601659.00,271207038.00,260333588.00,255966750.00,286144288.00,271261253.00,241218159.00,3220695534.00,276023498.00,272975159.00,300549452.00,294268087.00,293562273.00,308265033.00,313601499.00,295242135.00,298239057.00,332189208.00,310977047.00,275804108.00,3571696554.00,303207150.00,283635674.00,336381691.00,328428632.00,331761320.00,340387516.00,322201237.00,273760383.00,297720457.00,317469867.00,325061255.00,250575011.00,3710590190.00,307410322.00,307212419.00,322815429.00,255957966.00,288806675.00,298764892.00,258080985.00,281026468.00,310787200.00,298090424.00,294838080.00,276647311.00,3500438171.00,303887317.00,303081254.00,349171385.00,334886418.00,347328237.00,364933811.00,363413291.00,344819156.00,401431956.00,411586257.00,402070345.00,375458424.00,4302067853.00,395480862.00,405267855.00,487327452.00,446692072.00,477467845.00,492875385.00,502208893.00,440111179.00,445551932.00,448469751.00,451173158.00,360237402.00,5352863786.00,483633170.00,427881127.00,508165260.00,436346622.00,458343434.00,460294980.00,415958033.00,377200517.00,470863343.00,451305405.00,410729023.00,304998288.00,5205719201.00,385425257.00,391154318.00,392915959.00,421311715.00,403732503.00,398726897.00,506780757.00,411506451.00,422599313.00,450805951.00,466988202.00,#VALUE!,#VALUE!
Portugal,22701437.00,29713191.00,31129535.00,41217083.00,18131261.00,33962706.00,43300924.00,19230523.00,42818094.00,25195274.00,43631049.00,46970325.00,398001402.00,24365015.00,27394708.00,57267819.00,34262385.00,32957432.00,27420939.00,40484510.00,31071239.00,34252723.00,25182944.00,30719251.00,24017513.00,389396478.00,19871002.00,29823351.00,25798655.00,27176716.00,26527495.00,37306882.00,31248220.00,37765040.00,24601630.00,30578676.00,39181173.00,49698221.00,379577061.00,33024421.00,29688012.00,32903985.00,28535245.00,31861376.00,52432690.00,39223666.00,28794396.00,50347188.00,28234986.00,39703328.00,39507597.00,434256890.00,36265725.00,25724558.00,28946301.00,44955132.00,37539695.00,39729776.00,53853181.00,41563364.00,34957750.00,74598768.00,48833132.00,34931894.00,501899276.00,27836353.00,42201620.00,76566298.00,39917566.00,56524494.00,40348266.00,50050887.00,46865100.00,44455977.00,43536379.00,43504278.00,46195742.00,558002960.00,28009243.00,38203095.00,47155636.00,35151082.00,35433894.00,49506423.00,37295956.00,33364680.00,33527700.00,34806942.00,39070167.00,42040126.00,453564944.00,38904169.00,39871133.00,56673380.00,52003784.00,43865144.00,67178801.00,67134492.00,25289673.00,59196213.00,61014403.00,65758552.00,87171244.00,664060988.00,46578109.00,54915673.00,111565907.00,79147970.00,56327912.00,43001201.00,65250209.00,60396458.00,83796973.00,42600066.00,47261203.00,83243546.00,774085227.00,46260534.00,64692729.00,127948252.00,52431627.00,48810113.00,68537147.00,58969290.00,47064997.00,51538805.00,53699362.00,74546316.00,69211111.00,763710283.00,42641787.00,116078843.00,59599841.00,109223883.00,65617102.00,58419638.00,66384964.00,61110421.00,71447032.00,55203705.00,50396841.00,57705126.00,813829183.00
Romania,20128903.00,23432399.00,31397026.00,26182043.00,28055210.00,20336567.00,18933854.00,20465813.00,24061138.00,30744532.00,25034930.00,23030276.00,291802692.00,25471945.00,28599092.00,32819740.00,25722245.00,23295524.00,25682140.00,24731744.00,21353896.00,29841596.00,27075851.00,26528113.00,22121966.00,313243854.00,23162755.00,25093629.00,27390893.00,22355910.00,22077267.00,20894201.00,19383499.00,22040043.00,24895333.00,27981814.00,29160776.00,24537612.00,288973732.00,33544898.00,25756742.00,28838629.00,24657603.00,34234055.00,32516892.00,26613161.00,30522596.00,29200183.00,32706877.00,37029620.00,29011225.00,364632481.00,40650536.00,32146145.00,45344424.00,26276645.00,36324448.00,31930733.00,24278646.00,26669446.00,33596910.00,33134992.00,35876268.00,22373271.00,388602464.00,29413941.00,28834423.00,37942338.00,31059462.00,35269255.00,32900533.00,31895299.00,40114744.00,42799691.00,38640381.00,28683714.00,24302203.00,401855986.00,33667741.00,35512066.00,27770037.00,20859427.00,23222567.00,26485126.00,26483468.00,24436428.00,30550257.00,43127712.00,27412437.00,25800868.00,345328134.00,26095753.00,25929770.00,30508071.00,27161355.00,28548827.00,37053814.00,41211587.00,37662437.00,31800490.00,39891136.00,35143727.00,34601083.00,395608046.00,33302194.00,42788059.00,55243085.00,42459197.00,55732860.00,56893246.00,37731254.00,37952389.00,40354131.00,32966092.00,32185110.00,31907764.00,499515379.00,34882160.00,31632896.00,50165470.00,43795196.00,39788803.00,38043748.00,27208173.00,29194355.00,33352495.00,49084722.00,39049716.00,35985155.00,452182891.00,35511432.00,37096521.00,41408620.00,48489522.00,45636053.00,44568086.00,46340688.00,35395786.00,38190478.00,44488386.00,42441315.00,#VALUE!,#VALUE!
Sweden,1317390135.00,1171633672.00,1237147100.00,1272475799.00,1267234567.00,1220047895.00,1080258615.00,1167141258.00,1337411445.00,1356660210.00,1223437341.00,1140810936.00,14791648973.00,1138660785.00,1071175444.00,1266135432.00,1146929312.00,1132731569.00,1210459377.00,1012788747.00,1146341360.00,1290088172.00,1341024800.00,1225149424.00,1148991880.00,14130476302.00,1051352259.00,1077540966.00,1198264340.00,1244800366.00,1242109176.00,1243486110.00,1010949429.00,1192946392.00,1273081943.00,1253342651.00,1279538617.00,1250042149.00,14317454397.00,1235084931.00,1216637095.00,1364433623.00,1222106471.00,1371826493.00,1339797226.00,1113292324.00,1320503880.00,1379092517.00,1479354209.00,1453910823.00,1307323606.00,15803363197.00,1294675419.00,1274402672.00,1345078990.00,1303671368.00,1429139113.00,1426640534.00,1301576574.00,1384741305.00,1382939912.00,1671697376.00,1536812061.00,1327836128.00,16679211451.00,1544275587.00,1284165467.00,1445797839.00,1422572213.00,1461500641.00,1373100262.00,1281396366.00,1450258661.00,1506886546.00,1586584007.00,1506135274.00,1389304437.00,17251977299.00,1382464918.00,1237474130.00,1352747864.00,1141669410.00,1220087433.00,1303663116.00,1193273130.00,1314454976.00,1425298549.00,1408716891.00,1419433894.00,1326005861.00,15725290169.00,1340088469.00,1313154144.00,1574234522.00,1462845986.00,1502384833.00,1464921455.00,1408749823.00,1541788333.00,1669170724.00,1666131748.00,1824517338.00,1730127650.00,18498115026.00,1681162951.00,1647622824.00,1919493612.00,1776318863.00,1951722660.00,2051117535.00,1670587752.00,1953997726.00,2024706582.00,2022443154.00,2066197444.00,1885891420.00,22651262523.00,1710447213.00,1688332614.00,1910537518.00,1620503911.00,1716484771.00,1728494408.00,1459535617.00,1694532550.00,1894363174.00,1974426802.00,1959853114.00,1790999099.00,21148510791.00,1774757971.00,1605268420.00,1745726720.00,1835940203.00,1851822137.00,1562678259.00,1510599741.00,1706365760.00,1687654234.00,1910402181.00,1884125704.00,#VALUE!,#VALUE!
Slovenia,7385651.00,8228863.00,6085482.00,6933639.00,6664342.00,7037178.00,7292138.00,7673697.00,10246565.00,9873918.00,8226468.00,8497041.00,94144982.00,7615631.00,9155270.00,10048928.00,8050145.00,8987559.00,10348226.00,10315742.00,8771238.00,10828177.00,10099549.00,8542246.00,10240549.00,113003260.00,9485993.00,9719153.00,10373873.00,9516856.00,11498123.00,11478978.00,8712572.00,10054442.00,10899031.00,10715521.00,10275884.00,11276821.00,124007247.00,9755297.00,10147451.00,13668451.00,10526836.00,13264651.00,15489621.00,12084961.00,14366619.00,13370251.00,14645586.00,15012749.00,11169888.00,153502361.00,12781697.00,14180882.00,16457960.00,13755487.00,12961012.00,15097277.00,13812598.00,12707767.00,18446578.00,16248143.00,15381779.00,12224201.00,174055381.00,12021175.00,15149347.00,17743521.00,16791123.00,15806378.00,17916059.00,13382146.00,13366227.00,14176401.00,16117988.00,14364796.00,11899350.00,178734511.00,13332928.00,19768330.00,15326169.00,11999375.00,9911200.00,15466916.00,11854178.00,11650648.00,16605720.00,19178643.00,16290058.00,14591314.00,175975479.00,13804481.00,16005477.00,17834977.00,14906426.00,14368472.00,20907899.00,14905550.00,16744588.00,21618708.00,20497636.00,21978115.00,30763372.00,224335701.00,16646251.00,22836182.00,22657454.00,29683540.00,26608221.00,21827841.00,22496830.00,23274496.00,21826786.00,20450256.00,18023670.00,18394767.00,264726294.00,18443030.00,17242831.00,23666448.00,18096772.00,21435335.00,21756785.00,15565838.00,23697503.00,15907288.00,19124712.00,19274070.00,17575028.00,231785640.00,14673844.00,16127558.00,17905628.00,18094689.00,18662363.00,18057002.00,15879555.00,14103410.00,19889044.00,17800084.00,15394056.00,#VALUE!,#VALUE!
Slovakia,24708953.00,28207000.00,31159199.00,26908918.00,25501468.00,23896278.00,21525401.00,26139410.00,28188700.00,30420864.00,27109159.00,28181823.00,321947173.00,25189191.00,30374060.00,34852270.00,26717429.00,26942712.00,32187781.00,29280574.00,29510499.00,35744801.00,33451970.00,36670157.00,30057591.00,370979035.00,30620644.00,33982300.00,31966200.00,29301209.00,28522790.00,25738764.00,24671924.00,24358311.00,29708229.00,31276996.00,35315068.00,22257883.00,347720318.00,24833805.00,27657423.00,27112766.00,28716085.00,31718787.00,34552129.00,24749546.00,28278570.00,32481353.00,38610826.00,39207510.00,26899960.00,364818760.00,22059188.00,31476406.00,29661974.00,26712426.00,27697148.00,31477631.00,29206025.00,31149698.00,36573601.00,41443440.00,40554438.00,46265991.00,394277966.00,31960895.00,28608618.00,34008596.00,39824219.00,34886761.00,27118767.00,42236063.00,28433376.00,57764829.00,40716477.00,51726632.00,29957265.00,447242498.00,35968416.00,35983350.00,38898680.00,49173996.00,43710050.00,51767134.00,29021668.00,53996085.00,29918025.00,37033041.00,33177127.00,29463105.00,468110677.00,30872919.00,44104046.00,45349840.00,44715764.00,36547888.00,43541233.00,28420993.00,36277326.00,40464024.00,42281551.00,38763807.00,35635260.00,466974651.00,41930336.00,38053152.00,42127159.00,41786283.00,52788231.00,50896503.00,41009607.00,46455747.00,52394616.00,42525181.00,44690384.00,46337113.00,540994312.00,36870335.00,35308691.00,54260359.00,35616274.00,45380200.00,47940711.00,35201980.00,34102727.00,282038123.00,50196453.00,47855919.00,32711703.00,737483475.00,42448463.00,44520413.00,66504719.00,39960128.00,42094814.00,47397087.00,39601472.00,38761671.00,44953203.00,45860420.00,41363956.00,#VALUE!,#VALUE!
